cell_type,BTC_0004,BTC_0009,BTC_0010,BTC_0011,BTC_0012,BTC_0013,BTC_0014,BTC_0015,BTC_0016,BTC_0017,BTC_0018,BTC_0019,BTC_0020,BTC_0022,BTC_0023,BTC_0024,BTC_0025,BTC_0026,BTC_0028,BTC_0029,BTC_0030,BTC_0032,BTC_0033,BTC_0034,BTC_0035,BTC_0036,BTC_0037,BTC_0038,BTC_0039,BTC_0040,BTC_0042,BTC_0045,BTC_8002
B cell_TIMER,0.10482849321133,0.102248755430692,0.0931890434194652,0.108131010691252,0.0997296481671281,0.104903657298147,0.0977477080796971,0.101054343838083,0.0946390203258238,0.102803736977863,0.102413202420765,0.0999388375511533,0.099355846035564,0.10743917719648,0.0953650689615409,0.116218848582068,0.101245857562588,0.100542399356448,0.109144577330802,0.103145496324277,0.0991322850339414,0.128918018388596,0.0979257938850828,0.0996585878930434,0.101258913035388,0.122386039287459,0.102894952389829,0.0933554076862605,0.0989664376172248,0.0974042851883807,0.100161171243564,0.11313679701244,0.0867019967729567
T cell CD4+_TIMER,0.122667087537558,0.115795741539889,0.120045156119575,0.139177762574469,0.107427557279582,0.124556132146901,0.12194863815182,0.12480362732137,0.117470020847476,0.115542420304611,0.106096993575578,0.105864482439601,0.122342265318142,0.134902217393536,0.151680898265954,0.115220477695229,0.120840855145526,0.114881577698977,0.112417457170604,0.114156686319506,0.114123463539202,0.147503133114639,0.134976540421605,0.122450731985443,0.132689436668906,0.118139808963535,0.122098381524231,0.120085231348847,0.118793972282657,0.139812973182836,0.111785952366746,0.146954486349851,0.102106983394245
T cell CD8+_TIMER,0.194022019719435,0.214202678095603,0.195913266185918,0.200528262903123,0.216848490212838,0.206820996538525,0.190064755098531,0.198625084239602,0.195908998278454,0.197492689485849,0.211455512003877,0.213995220263617,0.192326957478165,0.188121496566353,0.200588336226852,0.208439333458118,0.196519783970187,0.214843350728181,0.208228131802608,0.213398054932919,0.20614133040638,0.191344809674127,0.201978475792968,0.198559066239764,0.198079712813174,0.212037097514727,0.203656253736328,0.201201315906132,0.195530738607958,0.208738701756147,0.206695038915632,0.176499724374681,0.213309452803728
Neutrophil_TIMER,0.113869767128249,0.105055088565448,0.109704783759895,0.133703883393097,0.10192692749762,0.115169433576961,0.110958948062677,0.10827620679162,0.105860809728885,0.11134250924874,0.105828118412701,0.10594869117997,0.10278450355934,0.103377832190964,0.126168284162228,0.108455730093055,0.109021467389658,0.108643014300314,0.106692828918633,0.108722115569046,0.111073069612217,0.111179900274455,0.11473524229179,0.114041600108028,0.114084602820558,0.113434203095378,0.105859857939686,0.105312598416258,0.108809812515047,0.125222503799394,0.10940919495035,0.0960170848461166,0.119700264086877
Macrophage_TIMER,0.052444789822162,0.0641745824332952,0.0625208511314376,0.0468607181575685,0.0528510986011348,0.0769319611900409,0.0611694823228395,0.0689401179558623,0.0583689021422594,0.0630539821339021,0.0601159549221748,0.054477956342726,0.0565923577052425,0.0392120778086264,0.0380367255008175,0.0608588150055921,0.0565124386094286,0.0530965676979418,0.0766917446940644,0.0792876509168978,0.0558243312360828,0.0734657542710909,0.0520819883274007,0.060183619097648,0.0648849134081208,0.0915977100934983,0.052369550779754,0.0587564797081664,0.0584090231898566,0.110388589287948,0.0713343115817059,0.0620434883455403,0.00698855314222752
Myeloid dendritic cell_TIMER,0.512449215443493,0.507107179711244,0.482938004091932,0.530648636454588,0.540671577160805,0.478378207909209,0.482844823650873,0.489223121719159,0.488705842887247,0.498390906963079,0.49049115843022,0.496480859019251,0.492518136924698,0.536737541270778,0.536918021966343,0.505622447199476,0.514003256196554,0.50236607161656,0.501548639347119,0.484193876430571,0.492216544355863,0.519065776921044,0.520084541267596,0.499417955634081,0.505911438199485,0.467155685040159,0.522718311932234,0.505433923530109,0.488430881344857,0.444945975703999,0.484336723248816,0.493403036291678,0.603376662101943
B cell naive_CIBERSORT,0,0,0,0,0,0,0,0,0,0,0,0,0.00226575649686821,0,0.000710376901043323,0,0,0,0.00514627324876218,0,0,0.285846581175683,0.000944940516646981,0,0,0,0.0489724585810144,0,0,0,0,0,0
B cell memory_CIBERSORT,0.0216040330495082,0.105036662664494,0.00616069202888521,0.0875792599896361,0.114182887742792,0.0930602737595398,0.158718595614727,0.0114082660007674,0.0126330676776606,0.118172701462943,0.0438816419069054,0.00809813161311998,0,0,0.0467816482815735,0.213307883602999,0.0565049999165942,0.0534062584316578,0.111279454088965,0.0674047399817293,0.00938134299603422,0.120916968772351,0.0164056485503128,0.256553799339998,0.0431716809368922,0.104589111702344,0.148693183502422,0.0747754525021917,0.179600769290381,0.0544360572312609,0.0528381027177542,0.00231065257859726,0.0160611107826215
B cell plasma_CIBERSORT,0.0361803285986054,0,0,0.116338010902393,0,0.0737852286390449,0.0775321406347419,0,0,0.0276092590907086,0.0989882432558993,0,0.00219701054993751,0,0.0197268847710083,0.0490705419705202,0,0.0388375567306167,0.0319276178760361,0.0217694250395907,0,0.000288740331955739,0.0930875715484522,0.0844573552229674,0.0776161448531671,0.0320332915524456,0.107886031772909,0.0634072931294873,0.068763665429981,0.00796085248405505,0.118402730973907,0.0662149240562956,0.00112620094626232
T cell CD8+_CIBERSORT,0.0854844856258394,0,0.0572201935649445,0.0896335638144947,0.115128718196128,0,0.0310516334282453,0,0,0,0,0,0,0.130311080905418,0.141140800449026,0,0.0917175617671437,0.059164190421764,0.140728367473634,0,0,0.114383437633092,0.0635360230585503,0,0.0440535338845211,0,0,0,0.0119455428681325,0.0572058774168747,0,0,0
T cell CD4+ naive_CIBERSORT,0,0,0.0339688616070528,0,0,0,0.117966278420908,0.0310289980352365,0,0,0.00133173554925391,0,0,0,0,0,0,0,0,0,0.00403040117525185,0,0,0.0114144362424378,0,0,0,0.0917653563289688,0.0646357852974929,0,0.0774920728759139,0.28919428552754,0.0250091633514942
T cell CD4+ memory resting_CIBERSORT,0.0304388642588269,0.202927096832007,0.130620440941553,0.061579618642317,0.0414184735634139,0.205100932387886,0,0.40362569880937,0.4473676707493,0.0672637633319601,0.263418170444505,0.132685411337753,0.286975778953092,0.188627576228499,0.106579907836199,0.0560125823252086,0.0254205599055393,0.14773385334872,0.232893531031438,0.250382216693042,0.243012097253689,0.0561591554341868,0.152391680033164,0,0,0.337168165308925,0.159106369182129,0.0431118525609972,0.0156742462647482,0.226264564258311,0.0403157815924232,0,0
T cell CD4+ memory activated_CIBERSORT,0,0,0,0.0513360361108995,0,0,0.0754249419031571,0,0,0,0,0,0,0,0.0108007473855354,0,0.0062576791721472,0,0.000647339657325437,0,0,0,0.129153295970634,0.0360314479476593,0,0,0,0,0,0,0,0.117181931389403,0
T cell follicular helper_CIBERSORT,0.0373196642897927,0.131824494299565,0.0294730028208102,0.0546058652718907,0.201831164795832,0,0,0,0.07885763004382,0.0517196140461777,0,0.0238070717527472,0.019305663543282,0.190674618374277,0.0567574637206703,0.0233002548457632,0.0990192871612612,0.126473939210404,0,0.0366009911785547,0.0590364388259806,0.0383650092187035,0.0257401004778631,0.0289159763679665,0.0492292515325165,0,0.0671118361539374,0.000321927207490795,0,0.0216896068887949,0.00728195681262706,0,0.00365196335764359
T cell regulatory (Tregs)_CIBERSORT,0.0167075222031966,0,0,0,0.123618239972013,0,0.00991385011032948,0.0332943681366432,0.000567967857137532,0.00851839709151391,0,0,0,0.113262178612963,0.00921043761480104,0,0,0,0.00517830344045444,0,0.0465441070201503,0.00277668300937144,0,0,0.0134240436463996,0,0,0,0.0664470320565386,0,0,0.0640313856447431,0.00375567337179968
T cell gamma delta_CIBERSORT,0,0,0,0,0,0,0,0,0,0,0,0,0,0,0,0,0,0,0,0,0,0,0,0,0,0,0,0,0,0,0,0.0171962718113424,0.0126919097891325
NK cell resting_CIBERSORT,0,0,0.00284989577104334,0.0605120736566523,0,0.0015975801589896,0.140434518384435,0.0559692897688742,0.0172088559134559,0.0262959693392807,0,0.00326403588762451,0.0267544974956637,0,0,0,0.0367163993584993,0,0,0,0.0782493534799307,0,0.060894309611282,0,0.0317879486437271,0.000295863494231686,0,0.000830631375849198,0.133707675645212,0.119271836137586,0.00635434054420422,0.0215266209990046,0
NK cell activated_CIBERSORT,0.0634300642953198,0.111782917223924,0.123886660798717,0,0.0717121189625623,0,0,0,0.0666812871179406,0.0153390168068548,0.0936050991388835,0.0798701954536051,0.0445808801845421,0.0114906113311326,0.0875456379705065,0.0298030049106772,0,0.108905180799449,0.024421657667051,0.106075400362652,0,0,0.111225648636197,0.0246496293357331,0,0.134862225316258,0.044358153440413,0.0177646044145484,0,0,0,0,0.012315499333435
Monocyte_CIBERSORT,0,0.0496342617145156,0.0152484569008697,0,0.0354977698125963,0,0.0374882499499334,0.0118487548382737,0.118163726773181,0,0.00428619976485651,0.0336155086803523,0,0,0.0426529362013109,0,0,0,0.0414876986302285,0.0326074612640703,0.0344880603258732,0.0350902072258773,0.0526315014228623,0,0,0,0,0.0329497923175518,0.00381842239607813,0.033124674994724,0,0.0505947280727575,0
Macrophage M0_CIBERSORT,0.174618452362531,0.109957825821792,0.0197123461634715,0.082232640064312,0.114436324213324,0.268083874826169,0,0.241848014445551,0.179034628052377,0.434503572045785,0.0244106593853753,0.360818328938234,0.262406697006469,0.162443921195637,0.0691200984668039,0.0437293859218136,0.0803406524459963,0.054056475058435,0,0.191909786441057,0,0.00182241476710684,0.0177014299826306,0.222836922514862,0.160216773406855,0.0812569265070835,0.175719784602207,0.144149885096822,0,0,0.178352094315688,0,0.395059533300411
Macrophage M1_CIBERSORT,0.0878578734346029,0.00283251923703444,0.0073091462346937,0.220012578495102,0,0,0.0557885211843527,0,0.00420085957172038,0.0124377829930994,0.0499330374253372,0.0283566037697567,0,0.00173321767904164,0.279252805707134,0.0203537259852578,0.148358277603034,0.22137625964363,0.0192695491582163,0,0.136903753232734,0.132054344709163,0.130683785306647,0.0304046225006964,0.0197551905507904,0.0232988366436448,0,0.0304625227344878,0,0.0577941771037028,0.0389030669150285,0.00825098263620943,0.00131206025989405
Macrophage M2_CIBERSORT,0.164935254402068,0.00701142599304403,0.241638518493644,0.0792161291433808,0,0.117836275155007,0.0373562645383907,0.0981917408260802,0,0.0607517377686583,0.380377881179137,0,0.196368873650322,0,0.0913483923414532,0.406752532132003,0.374284915773077,0.128594164977666,0.279578218952927,0.0639664174051995,0.293821022617218,0.10504489925711,0.0538471466867525,0.217277267745819,0.280101345739597,0.0378326255545912,0.155306115180323,0.460273841479636,0.124663242180936,0.299407607050059,0.335079503857218,0.0876344989519711,0.0763133143575461
Myeloid dendritic cell resting_CIBERSORT,0,0,0,0,0,0,0.109513443985889,0,0,0,0,0,0,0,0.0219728152569798,0,0,0.0210328355387766,0.00633650123390219,0,0,0.00206716177409201,0.00464863944376336,0,0,0,0,0.0310028416380118,0,0.0508679987071188,0.0607551211779284,0.0652384026112407,0.00119422218293771
Myeloid dendritic cell activated_CIBERSORT,0,0.0163703869948246,0,0.0197951138143086,0.020420157066243,0.0525341274624383,0,0,0,0.0261464897128871,0.00172373971572011,0.151172233412177,0,0,0,0.0657809492703356,0,0,0.0140698845247123,0,0,0,0,0.00720947919644254,0.133776804502264,0.000787015961016903,0,0,0.0289942679143511,0.00381907194004268,0.00485989849059029,0.0714180052403616,0
Mast cell activated_CIBERSORT,0,0,0.0753173566072085,0,0,0,0.12658787234612,0,0,0.0889728301054307,0.00837570141184413,0.0913721769677806,0,0,0,0,0,0.00139367308030219,0,0,0.0557121860403709,0.0346212937561788,0.0741914469713517,0.016223057153873,0,0.0490800702362834,0,0,0,0,0,0,0.36891513886911
Mast cell resting_CIBERSORT,0.268269049798285,0.0380451761342042,0,0.00161493928584785,0.0674602142260996,0.0795494462652513,0,0.0578526273576481,0,0,0,0,0.152199202706018,0.201456795673032,0.0163990470959551,0,0.0226155137922878,0,0.0431608928895048,0,0,0,0,0,0.0846034216258926,0,0.00514183648432315,0,0.0817037183218434,0.0345858592830685,0,0.122273763860009,0
Eosinophil_CIBERSORT,0,0.224577233084595,0.119321115598557,0,0.0781937276141851,0.0678804646743044,0.0177857262294758,0.0549322417815566,0.0752843062434063,0,0,0.0839376878142859,0,0,0,0,0,0.0100328131938213,0.0240700532268197,0.142181948140502,0.0388212370327668,0.0705631029351277,0.0129168317828912,0,0.00982036764832213,0.10876827977468,0.0877042311003225,0,0.185767122148175,0,0.0287590362721963,0.0169335466205248,0.0825942100977118
Neutrophil_CIBERSORT,0.0131544076814244,0,0.137273312468549,0.0755441708087651,0.016100203834811,0.0405717966713704,0.00443796326929496,0,0,0.0622688662047014,0.0296678908222818,0.00300261437256433,0.00694563941380554,0,0,0.0918891390354212,0.0587641531044201,0.0289927995647567,0.0198046569000242,0.0871016134936019,0,0,0,0.0640260064315456,0.0524434930290557,0.090027587948496,0,0.00918399921395756,0.0342785101861297,0.0335718165044019,0.0506062934545213,0,0
B cell naive_CIBERSORT-ABS,0,0,0,0,0,0,0,0,0,0,0,0,0.000720968248816459,0,0.00259804297038632,0,0,0,0.00832654145966599,0,0,1.24941654044455,0.00199085454208131,0,0,0,0.0316898330854815,0,0,0,0,0,0
B cell memory_CIBERSORT-ABS,0.0274867896448562,0.0667809446454705,0.00638322238566057,0.40587049131369,0.0698341399606039,0.082393053759305,0,0.00807634501605126,0.00750325895033437,0.147089443338223,0.0342074073688252,0.00465784285057628,0,0,0.171093305937344,0.183252589495453,0.0657904100478882,0.0867123238149431,0.180047374729593,0.0691788327380485,0.00871537083808875,0.528520089984008,0.0345643554877663,0.250888834896772,0.0911109832863691,0.114746074107094,0.0962186155784995,0.0890027535234262,0.119058427567209,0.113657914870065,0.0505794323408784,0,0.00187494195054166
B cell plasma_CIBERSORT-ABS,0.0460321958956771,0,0,0.5391478033612,0,0.0653274492358371,0,0,0,0.0343652171809459,0.0771650971712172,0,0.000699093151011216,0,0.0721466227740048,0.0421564535363319,0,0.0630580552598716,0.0516580875329795,0.0223423963066328,0,0.00126206493411663,0.196122201729857,0.0825924523622891,0.163803751047049,0.0351441405949782,0.0698125117300905,0.0754716085713555,0.045583846395527,0.0166215912750983,0.113341369432965,0,0.00013147044606477
T cell CD8+_CIBERSORT-ABS,0.10876182557727,0,0.0592870441767039,0.415390796723917,0.0704126089200334,0,0,0,0,0,0,0,0,0.119706495452416,0.51619057982141,0,0.106789416974777,0.0960611094796312,0.227694980363153,0,0,0.499962456587363,0.133861314933068,0,0.0929720757300454,0,0,0,0.00791877204054227,0.119441066752731,0,0,0
T cell CD4+ naive_CIBERSORT-ABS,0,0,0.0351958508571612,0,0,0,0,0.0219666068110692,0,0,0.0010381384665943,0,0,0,0,0,0,0,0,0,0.0037442870262219,0,0,0.0111623940757685,0,0,0,0.109225275381613,0.0428474498884198,0,0.0741795192366872,0,0.00291951971132674
T cell CD4+ memory resting_CIBERSORT-ABS,0.0387273365576412,0.129018410113531,0.135338581888803,0.2853797814257,0.0253314970129104,0.181590827811059,0,0.285741969963707,0.265708659629498,0.0837231389555274,0.205344473751969,0.0763173314661922,0.0913162668144318,0.1732772527026,0.389791925851728,0.0481203534630044,0.0295978950942567,0.239866002715703,0.37681591087059,0.256972276636403,0.225760911481747,0.245467961898572,0.321067477819631,0,0,0.36991157734657,0.10295693596591,0.0513146154122204,0.0103905518943792,0.472421403947956,0.0385924028766919,0,0
T cell CD4+ memory activated_CIBERSORT-ABS,0,0,0,0.237907721541536,0,0,0,0,0,0,0,0,0,0,0.0395012925936866,0,0.00728599733282697,0,0.00104737938206112,0,0,0,0.272107525688803,0.0352358375455271,0,0,0,0,0,0,0,0,0
T cell follicular helper_CIBERSORT-ABS,0.047481771556239,0.0838122997572377,0.0305375971557007,0.253061162758559,0.123439738557966,0,0,0,0.0468365430729663,0.0643753518836633,0,0.0136932324953864,0.00614310075079943,0.175157708605597,0.207577596371551,0.0200172256377403,0.115291027601184,0.205347640763824,0,0.0375643292663742,0.054845501070163,0.167690923204345,0.0542307108724892,0.0282774826937854,0.103895086228775,0,0.0434277336160321,0.000383179331478446,0,0.045286077256825,0.00697067500475769,0,0.000426322898444598
T cell regulatory (Tregs)_CIBERSORT-ABS,0.0212569637916049,0,0,0,0.0756047919486433,0,0,0.0235703483899189,0.000337337693132552,0.0106028403414103,0,0,0,0.104045015779619,0.0336850940172339,0,0,0,0.00837836550906927,0,0.0432399874068968,0.012136698172884,0,0,0.0283305581288457,0,0,0,0.0440481362324718,0,0,0,0.000438429798077151
T cell gamma delta_CIBERSORT-ABS,0,0,0,0,0,0,0,0,0,0,0,0,0,0,0,0,0,0,0,0,0,0,0,0,0,0,0,0,0,0,0,0,0.00148162816496375
NK cell resting_CIBERSORT-ABS,0,0,0.0029528368561892,0.280432434212644,0,0.0014144543381051,0,0.0396227870603973,0.0102209934635261,0.0327305667406333,0,0.00187739184166443,0.00851333461211518,0,0,0,0.0427499685486821,0,0,0,0.0726945101257439,0,0.128295602464697,0,0.0670863676079755,0.000324595685747007,0,0.000988673115837897,0.0886356204312651,0.249029575021043,0.00608271154896112,0,0
NK cell activated_CIBERSORT-ABS,0.0807020073728711,0.0710701255930467,0.128361570873427,0,0.0438590602453841,0,0,0,0.0396045503082554,0.0190924588804754,0.072968731772527,0.0459393396700273,0.0141857252364817,0.0105555168716163,0.320178385562946,0.0256037317157579,0,0.176822372132494,0.0395136315638469,0.108867304900197,0,0,0.234336536408711,0.0241053408703708,0,0.147959100603396,0.028703939300524,0.0211446224026913,0,0,0,0,0.00143768676118654
Monocyte_CIBERSORT-ABS,0,0.0315568183526867,0.015799246412586,0,0.0217104005196141,0,0,0.00838818380269779,0.0701819275522096,0,0.00334125559229671,0.0193348002052217,0,0,0.155993474592713,0,0,0,0.0671260591912439,0.0334656896445406,0.0320397874113998,0.153376979830633,0.110887047193267,0,0,0,0,0.0392190504524354,0.00253125511689457,0.0691615389162841,0,0,0
Macrophage M0_CIBERSORT-ABS,0.222166882322396,0.0699097562057598,0.0204243758192422,0.381092532968123,0.0699891414525449,0.237354224506469,0,0.171213399650554,0.106335468916173,0.540826161621816,0.0190290365959567,0.207533682347048,0.0834983358008524,0.149224397332657,0.252791139000082,0.0375678717160441,0.0935429515217945,0.0877680389379771,0,0.196960852020186,0,0.00796565466764935,0.0372943816689151,0.217916460428811,0.338126925968123,0.0891480304109659,0.113707394017165,0.171576851284539,0,0,0.170728077339975,0,0.0461184597984234
Macrophage M1_CIBERSORT-ABS,0.111781484512972,0.00180087890815642,0.00757315990583707,1.01960913279658,0,0,0,0,0.00249505013230846,0.0154812960537278,0.0389247001284725,0.0163100095732698,0,0.00159217015753891,1.02130402573975,0.017485865640209,0.172737845003263,0.359434464702744,0.031177648799265,0,0.127185092694496,0.577200825137002,0.275332047859805,0.0297332580312585,0.0416920258148667,0.0255614565666191,0,0.0362585355476106,0,0.120669387081655,0.0372400775136118,0,0.000153167290619512
Macrophage M2_CIBERSORT-ABS,0.209846959240496,0.00445777349783949,0.250366743420153,0.367113050044011,0,0.104329056442814,0,0.0695136646169335,0,0.0756176272489112,0.296519012738622,0,0.0624849683332796,0,0.334086100252196,0.349440693602072,0.435790781697151,0.208790115647679,0.452350568810361,0.0656500135113044,0.272962962042645,0.459144321689477,0.113448237927011,0.212479568396723,0.5911354034946,0.0415066653200742,0.100497810602611,0.547848764476441,0.0826400112211958,0.625137933281531,0.320755860305833,0,0.00890866369147122
Myeloid dendritic cell resting_CIBERSORT-ABS,0,0,0,0,0,0,0,0,0,0,0,0,0,0,0.0803606059461554,0,0,0.0341496689628371,0.0102523005839229,0,0,0.0090354276818791,0.00979401855256894,0,0,0,0,0.0369016593079514,0,0.106208108388573,0.0581580220129355,0,0.000139411109191782
Myeloid dendritic cell activated_CIBERSORT-ABS,0,0.0104080792362785,0,0.0917369314421544,0.0124889476415571,0.0465122980338014,0,0,0,0.0325445095991408,0.00134372061051302,0.0869504893528486,0,0,0,0.0565123477371961,0,0,0.0227647214138714,0,0,0,0,0.00705028668630589,0.282327116632931,0.000863445442039137,0,0,0.0192204741660308,0.00797390140876616,0.00465215240981302,0,0
Mast cell activated_CIBERSORT-ABS,0,0,0.0780378948452175,0,0,0,0,0,0,0.110744392659399,0.00652917752718615,0.0525549918874432,0,0,0,0,0,0.00226281778540953,0,0,0.0517572336655511,0.151327390002869,0.156310769391721,0.0158648358288583,0,0.0538463830971396,0,0,0,0,0,0,0.0430664154813022
Mast cell resting_CIBERSORT-ABS,0.341318443789308,0.0241886283988373,0,0.00748414866106896,0.0412585995604683,0.0704309318882043,0,0.0409560733063187,0,0,0,0,0.0484300906994604,0.185062443097957,0.0599758085688121,0,0.0263318985582606,0,0.0698332456728965,0,0,0,0,0,0.178549937515619,0,0.00332725667982309,0,0.0541618850978599,0.0722123689708673,0,0,0
Eosinophil_CIBERSORT-ABS,0,0.142783285291156,0.123631113615093,0,0.047823205615108,0.0600995306500829,0,0.0388886213823516,0.0447142102815962,0,0,0.0482788595885819,0,0,0,0,0,0.0162896366827633,0.0389447443696635,0.14592417701556,0.0360653562370477,0.308426665764649,0.0272139174596069,0,0.0207252377775191,0.119331093728439,0.0567529694238632,0,0.123146139874758,0,0.0275296737486687,0,0.00964188289838668
Neutrophil_CIBERSORT-ABS,0.0167363397386686,0,0.142231761788226,0.350096012750818,0.00984686856516656,0.0359211733343212,0,0,0,0.0775059954961256,0.0231272482758199,0.00172702872173969,0.00221011635275175,0,0,0.0789418674561913,0.0684208076199163,0.0470737531141233,0.0320434397478166,0.0893941279607535,0,0,0,0.0626122481835307,0.110678530767282,0.0987704370969383,0,0.0109314111923996,0.0227234300734465,0.0700951328286048,0.0484430262282209,0,0
B cell_QUANTISEQ,0.0191635278120435,0.0149799273438999,0.0151447491358833,0.0230330402672584,0.0106720688224425,0.0266996628191299,0.00199397513553858,0.0203369815170845,0.00548294587113024,0.00935152052230392,0.024645241795208,0.0134274192404643,0.00293992543365744,0.00833886348955481,0.02259210034731,0.0127504702953441,0.0174340465724056,0.033938053463439,0.0154657569281726,0.0227763329681522,0.0260037574583948,0.0700903621717292,0.0196240180751666,0.0321290438065091,0.014395164717061,0.0223592984477044,0.0141293387972733,0.0202423681863841,0.0120471390601915,0.015982284588601,0.0139494476160909,0,0.000951887282134686
Macrophage M1_QUANTISEQ,0.0325155074846819,0.00885395283360912,0.0459231595334864,0.0800364353836249,0.0126045067668375,0.050418688691592,0.0125486009679652,0.0190249475392099,0.00747689566775673,0.0312875829801704,0.033296200010616,0.0771377933795411,0.0122657256381438,0.0125861859083721,0.0936856061328496,0.0208847740869241,0.0236109837899539,0.0589115656181188,0.10377481276889,0.0627764711503921,0.0531075324588118,0.0623478155679705,0.0310526134441859,0.0775982256646734,0.0617513727815246,0.0628473792906395,0.0228853003922825,0.0340560957828431,0.029358830721682,0.0245879402654319,0.029142791098489,0,0
Macrophage M2_QUANTISEQ,0.0138454563019348,0.00618441417971143,0.00328637705984753,0.00112311674244943,0.0048239446451929,0.0136683328374327,0,0.00916456570827528,0.00847006941867492,0.00792245872719708,0.00984985080085653,0.000398595389502631,0.00990216369388578,0.00846003646565713,0.00164606908662119,0.00590863213424514,0.00743275518663937,0.00232525309758261,0.00443038661469453,0,0.0031928950832147,0.0188660029186605,0.0043262746917227,0,0,0.00583161422202933,0.0156198256886884,0.00611806433586749,0,0.00402478382783461,0.00421768766159972,0.00846362738897518,0.000364340860921226
Monocyte_QUANTISEQ,0,0,0.0159296863061513,0,0,0,0,0,0,0.00269376914581058,0.0231830847789576,0.021411948414844,0,0,0,0,0.0126311020915008,0.0401660812304659,0.0310207778510553,0.0173600464318212,0.0809782287478013,0.0114232163507227,0,0,0.00386202267592415,0,0,0.0166844139900104,0,0,0.0121858112532358,0,0
Neutrophil_QUANTISEQ,0.0324260198081383,0.0206005477544693,0.00776831920988331,0.0694001707680543,0.0510729292927464,0.0233037681621154,0.00431823421887072,0.0317340194138445,0.0245687646721155,0.0258198459436419,0.0076054967372136,0,0.0233876446710616,0.0429482904080056,0.0631464139411621,0.0335978385449845,0.0138988549362306,0,0.0200860259784792,0.000958142667297142,0,0.0190842571730711,0.0586551131151975,0.0338013412158612,0.0346337704615159,0.053746295488335,0.0660085882959026,0.0196836664040329,0.0157583002836711,0.120956917576562,0.0346112426907851,0.0297036626210124,0.0565528993233607
NK cell_QUANTISEQ,0.00606367723432008,0.00680234729976927,0.0208689522344333,0.0134702360934058,0.00754792485019389,0.0169662950770806,0.0112682417455087,0.0111087732859338,0.00950220753362104,0.00645016991546813,0.0228798813832062,0.0252329028997874,0.00714007273028408,0.019713123674516,0.0106633458579304,0.00959269261664728,0.0110320310281473,0.0344122626123579,0.0144338039083402,0.0196234858749395,0.0314837474091512,0.0123648486279249,0.00711535270453977,0.0182001976868258,0.012804499525498,0.0147944360930968,0.0186184121871514,0.0220900606977245,0.00799688331942884,0.022122373492914,0.0128383121553252,0.00171673031920481,0.000430679431089329
T cell CD4+ (non-regulatory)_QUANTISEQ,0,0,0,0.00650852476707027,0,0,0.010579334435566,0,0.0010006292397042,0,0,0,0.0116907309764772,0,0,0,0,0,0,0,0,0,0,0,0,0,0.0125907875199679,0,0.00150984374274255,0.0206874846378227,0,0.00368241301193513,0
T cell CD8+_QUANTISEQ,0.00371694352867766,0,0,0.00537831530762581,0.00609336509498108,0,0,0,0,0,0,0,0,0.000994020959685431,0.0180664452505096,0,0,0,0.00449066067204586,0,0,0.00894710242474134,0.00426889106302484,0,0.000537662654853276,0,0,0,0,0,0,0,0
T cell regulatory (Tregs)_QUANTISEQ,0.00535054304057381,0.00447267118621557,0.00308999939963126,0.0208901021494995,0.0065894358682184,0.000967183763469241,0,0.00299578120914862,0,0.006199086248771,0.00230404244474624,0.00426775697213235,0.00307570493222111,0.00372691515002314,0.0246946530853281,0.00122179507893979,0.00363052727582393,0.00436490057372999,0.0146709111710311,0.00437990154310448,0.0031970868550142,0.0210882071607575,0.00936007992960499,0,0.0156204113004766,0.00709232091687047,0.00231185950859566,0.00443642041840274,0.00573939162644827,0.000729479843475823,0.00348561649331735,0.000510585952901787,0.000159968417291407
Myeloid dendritic cell_QUANTISEQ,0,0.00273360276855207,0,0,0.00100546573647714,0,0,0.000938455718958594,0.00159711586328997,0,0,0,0,0,0,0,0,0,0,0,0,0,0,0,0,0,0,0,0.00770653410622582,0,0,0,0
uncharacterized cell_QUANTISEQ,0.88691832478963,0.935372536633773,0.887988757120684,0.780160058521012,0.89959035892291,0.86797606864918,0.959291613496551,0.904696475607545,0.941901371733707,0.910275566516637,0.876236202049196,0.858123583703728,0.929598031924269,0.903232563944186,0.765505366298289,0.916043797242915,0.910329699119299,0.825881883404306,0.791626864107291,0.872125619364293,0.802036751987612,0.775788187604422,0.865597656976558,0.838271191626131,0.856395095883146,0.833328655541324,0.847835887610138,0.876688910184735,0.91988307713961,0.790908735767358,0.889569091031157,0.955922980705971,0.941540224685203
Myeloid dendritic cell activated_XCELL,0.083249711568444,1.03954658772163e-18,0.0278982502140708,0.220452622237951,0,0.00848766788281552,0.070431209876688,0.054719414845313,0,0.175426449901119,0.0215848414402393,0.01523836762567,0,0.00238093053147708,0.335026846795247,0.0781320490528708,0.191899031158096,0.0497875283121596,0.175977679947613,0,0.0367464187711077,0.506517454692956,0.219658776581674,0.0272570965331156,0.16332108896678,5.47629376234131e-18,4.7892734980227e-18,0.104063435449665,0.00877185014644268,0.179951444081692,0.0416603883301806,0.292815826773965,0.00445764711246672
B cell_XCELL,0.0317601287723635,0.00295395180928316,0.0216317969270311,0.0510382001745675,0.00346240731563292,1.14640803975008e-20,0.0630771695348032,1.67656734200231e-18,1.00248096068193e-19,0,0.000211814876723457,0.0271068933845471,0,0.00105873272149207,0.0386769191950843,6.56425062539992e-20,2.27391056505496e-19,0.0375759176425311,0.0253096057671921,0.00738027432464658,0.00289425534095462,0.46568701812588,0.0235935980473343,0.0265679784478716,0.0254014714316837,0.00299142082332341,0.000292377207077155,0.0353355834113552,0.000844583518526069,0.00812618467880197,0.00303900747045385,0.0253737237438587,0.0159533493740642
T cell CD4+ memory_XCELL,0.00810760699537657,0.0116596252501486,0,0.0149901724958883,0.023230023779007,0.00180002107241102,6.28777775560166e-19,0.00270578445902633,0,0.00716840417918134,0.00660941286682846,0.00069621553873801,1.28649278723162e-18,0.00305012049290792,0.00439782627710655,0.0107390435458056,0.00418691785568622,0.0080575097440596,0.00947937214109123,0,8.63715454943997e-19,0.0369474573124197,0.0107654023338465,2.42890928846806e-18,2.44347684353943e-19,0.00409037888209538,0.00913599723952396,8.41007908259095e-20,6.51601715417783e-19,0,0.00106128272387557,0,0.0176543851423782
T cell CD4+ naive_XCELL,0,0,7.93384241327354e-20,0.00151447306169088,1.3412555731078e-18,9.56685884258741e-19,0,0,0,0,1.32385287540651e-18,0,7.37579386292852e-18,0,0.000396228125082055,0,1.00065384173084e-17,0,0,5.35970993554202e-18,0,0.0488589785396676,6.56538640209918e-19,0,2.00102179353999e-19,2.65292376815468e-21,1.0699585463655e-18,2.18506050283403e-19,0,1.58335011144576e-19,2.49757754988887e-18,3.86064336663773e-18,4.56937115044467e-18
T cell CD4+ (non-regulatory)_XCELL,0,1.55377194723557e-19,0,0.00351499097412412,0.00238853535698675,0,7.93587147554801e-19,3.29768389077366e-18,2.24439275765163e-18,2.91696804230086e-19,0.00366790537265959,0,2.20574937437023e-17,0.00622684387213838,1.13329350583304e-21,2.43697515182092e-19,0,0.00279946896743892,3.4627176770481e-19,9.36669942585724e-19,8.00923024511789e-19,0,4.97676626521893e-19,3.10009847674491e-18,0,0,0,0,0,0,0,0,0
T cell CD4+ central memory_XCELL,0,6.5419666159642e-18,0.026749731893722,2.76157691802377e-18,9.42259836232452e-18,1.89706386301542e-18,0.0246279213694087,0,0.057466031771966,7.50902864399661e-18,7.56728807955562e-18,0,6.50100541472909e-18,0,0.0028523831465513,0,5.66304410092496e-18,0,2.15149851837501e-17,4.64899910484789e-18,0,0,1.1253611530434e-17,0.0514954547772868,0.0193046576183451,1.35548606490709e-18,3.83658988739989e-18,2.36902081218101e-18,0.0229996082040119,0.0358751764390581,0,0,0
T cell CD4+ effector memory_XCELL,2.33983684845792e-18,8.42441888000116e-18,6.709062633344e-18,0.0167196647529579,0,0.0291011288581704,0,1.34818356708524e-19,0.0200139189963334,0.0247420824509966,8.66798048112717e-21,0.0104241875484045,7.58330575114844e-18,0,0.0360064946441844,1.98836482055978e-17,0,1.14303263478434e-17,0.0010689469946747,0,0,8.43777347709938e-19,5.47874201183199e-19,0.0222216832263257,0.0589009813589007,0.0490493224147113,1.7768413117611e-17,0.00779788113122649,0.0402635987047954,0.0276754179384364,0.0222129156868225,1.8219850561307e-18,3.32425900531672e-18
T cell CD8+ naive_XCELL,0,0.00722173171779055,0,0.0058126035151349,0.00678921421451429,0.00169809944844742,0,0.00136924991544004,0,0.00266477162845084,0.0234601863275761,0.00373677010336385,0,0.0317936817233468,0.020843533416474,0.00813771236444519,0.0209564286142536,0.0122286731135606,0.00116351290140657,0.0131011261351253,0.0135426860938981,0.00488338450978825,0.0166175165908238,0,1.89523710609332e-20,0.00100729120443183,0.0064739353679982,0.00963730258371175,0,9.18538753932017e-23,0.00608723419188187,4.63399184373862e-19,0.0248559884658487
T cell CD8+_XCELL,0,2.30481653967489e-19,0,0.00994459011108663,0.00461528384515921,0,5.89257034856438e-20,0,1.13051244112706e-18,3.07576985638521e-18,6.93969385375563e-19,1.78401176590706e-18,4.20624941247524e-19,6.28975112099726e-20,0.0426607807674561,0,2.35950385863546e-19,1.36127504712063e-19,5.69035213320325e-18,0,1.04893210526791e-19,5.49914162966635e-19,8.46752162930309e-19,8.90019896794357e-19,0,1.13059785496386e-18,1.96889094371239e-18,1.63747125945372e-18,6.117186369624e-19,0.0075399707358406,1.32071741483839e-18,0,0
T cell CD8+ central memory_XCELL,4.74201051285017e-18,0,0,0.00524831897970184,0.00483170955620005,3.12175154529717e-21,1.36983832929944e-17,9.90089861315671e-19,3.68407209042859e-18,1.28945954688225e-19,0.0019667767166852,8.72307956555748e-20,2.45645845805023e-17,0,0.0199802470821718,0,4.7243802018359e-19,0,2.47914377218792e-18,4.61887226894594e-18,0,0,0.0145975504486704,0,0,8.08954622283333e-20,0,0,1.90479485028329e-18,5.95079386775508e-20,0,0.00734797948531936,1.4276509353198e-18
T cell CD8+ effector memory_XCELL,0,3.60625655870743e-19,0,0.00161262417696015,9.96194575842953e-20,0,3.58520371463784e-19,0,0,0.00447820993564422,0,0,0,0,0.022402178698716,9.6055296642966e-19,0,0,1.29093064667913e-19,1.431237891965e-18,0.000115197622795923,0.018909715477369,0,7.49786577650035e-18,4.44218348015162e-18,0,0,3.66477012240313e-19,0,2.76208303302723e-18,2.39432081011719e-18,4.24459491987899e-18,0
Class-switched memory B cell_XCELL,0.0236209417828681,0.000687266663079941,0.0107158420310711,0.021963043881718,1.64570215298041e-19,0.004341625232143,0,0,0.00606243203449503,0.00283859874468073,3.08038842428013e-19,0.000289136814953416,0.000251464425302072,0,0.0236205160241963,0,0.00777900768946473,0.0191302324857432,0,0.00208916014081295,0.0004947467727895,0.118129641512226,0.00103408329485407,0.0238971064738957,1.06988035489929e-18,0,8.49899450003484e-19,0.0146791565716574,0,0.00160012535466477,0.00838500088719817,0.0108533724233659,0.0083298749109585
Common lymphoid progenitor_XCELL,0.207283440489341,0.0886583843255414,0.0416020674633594,0.157826277792447,0.22244784043919,0.0838608456480633,2.08319901123123e-18,0.0920611102596499,0.0313083748867821,0.129722860759518,0.204589048137868,0.0829556953104316,0.09841082701531,0.147594770631294,0.124306293533563,0.191847895323128,0.185012533736371,0.137184857548572,0.134909472536819,0.12868701150711,0.118578438303642,0.194263402941249,0.144240209813279,0.0331221909630823,0.0997319243798966,0.121970967048279,0.18287378832603,0.108956023359999,0.111326509453974,0.00428893573359286,0.1868033819631,1.94784107640735e-19,0.228214924349608
Common myeloid progenitor_XCELL,0,1.39571756003318e-19,1.09234137373419e-18,0,0,0,0.0158601178323141,1.55547550538368e-18,0,0,1.90625850085889e-18,1.44361318137492e-18,0,0,9.36931280876462e-20,0,0,0,0,0,0,0,0,1.17884122382429e-18,0,5.61464411059158e-18,0,0,6.46989500544191e-18,0.00278826986903356,3.64823059105244e-18,0.0614095959181393,3.21492012911292e-19
Myeloid dendritic cell_XCELL,1.3475440568731e-19,3.18147851211289e-20,6.6437005755106e-20,0.00751210920534821,0,1.85368115535341e-19,0.103497161057714,0.0015348584261694,4.83156131544432e-19,0.00210135798794804,0,4.60353977770789e-20,4.18205676510851e-19,0,0.0155944852102939,2.91212698465973e-18,0.00166797931923158,1.28582089491794e-19,0.00336096169490926,1.46589259327994e-18,5.21222060655977e-19,0.0402771074575612,0.00116273140737675,0,8.22307876158083e-20,8.35538062889667e-19,0,0.00621362603683118,1.67868419766406e-18,0.0140848607292797,0.00382501204118097,0.271998566710855,1.92033435253129e-19
Endothelial cell_XCELL,0,0.00654922678657196,0,0.0249691021645391,4.1539326689437e-20,0.0043351304339891,0.014488041001354,0.000762137817945558,0.00421228998597935,0.0441985370044171,4.13979488378265e-05,1.32706485934847e-18,0.019388527451915,0,0.0127466136024421,0.0121900527753839,0.0113504290782357,9.20881395293422e-19,0.0373201801786835,5.99545652452429e-19,0.00949216605777406,0.0290587298629948,0.0041484165758577,0,2.0061421043421e-20,0,5.03203018743225e-19,0.0301391097492172,0.00109974688119237,0.00703863491118408,0.0153599837518464,0.0775352328869411,0.0257019408743282
Eosinophil_XCELL,4.07045489029317e-18,0,0.0239681375913092,1.32922368399159e-18,8.20369898775107e-19,0.00864746884875424,0.0771293427513201,6.39870529094218e-20,0.0146381915619561,3.19781758168579e-18,0,2.06630262841598e-18,0,0,1.83617237354042e-19,1.16638756911057e-18,8.67566784950092e-18,8.76203332721853e-19,1.80589099328947e-19,0,0,2.19784142821062e-18,0,0.0130779530407486,0,0.00981906153217953,0,6.84275251305388e-19,0.00155997723403042,0.0207032777736959,0,0.200765038224483,3.70988467292925e-18
Cancer associated fibroblast_XCELL,6.19938665903709e-18,1.08675787789232e-17,0.0675901949070656,0.0365914451808972,0,0.0242449706560976,5.72579871350428e-18,0.0072744842363021,0.017421460779348,0,0.0770310260119871,1.84935821509871e-17,0.00360821641113642,0,0,7.73282712727465e-18,0,0,1.62756763660593e-18,0.020235159857834,0.0633913626843672,0.0939316629246961,3.30070831312828e-18,0,0.00116775039512128,8.38065954004976e-18,0,0.0198299299988695,0.0687790161596918,0.128071135125048,0,2.58503343058581e-18,0
Granulocyte-monocyte progenitor_XCELL,0,0,0,0,0,0,2.28683143446767e-18,1.97898962832067e-17,1.17567170138047e-17,1.53772992994675e-18,0,2.6697736690991e-18,0,0,0,0,0,0,0,1.02183585789753e-18,0,0,0,0,0,0,1.06752944816612e-17,2.79071420268906e-18,0,0,1.04612631148143e-17,7.14486313725785e-18,3.94710718279235e-17
Hematopoietic stem cell_XCELL,0.121531055139906,0.0403254017495915,0.013900267271375,0.0760952880596476,0.0368415388896612,0.0555909577992455,0.209124905855067,0.157424940353033,0.00873827298447474,0.0294618644013643,0.0856932330769928,0.0271973721494112,0.00742703702433281,2.13238441292215e-20,0.0522953680485699,0.0811156584752018,0.0605798105124787,0.0296824553833381,0.0606196159597827,0.0941419607179006,0.0572301241122247,0.138454724407601,0.0406996300246724,0,1.19691407347663e-18,0.0315863526160263,0.0878727206527411,0.0330636828318467,0,0.12077524277352,0.0360303707936309,0.56970397822334,0.0680694303398621
Macrophage_XCELL,0.00727923978521918,3.27287065910817e-19,4.05856006036863e-18,0,9.58202109794288e-19,0.00331674637919171,7.54468031716545e-18,1.41257289268351e-21,0,0.0500529577694796,0.0060690741189613,0.00399197786171393,6.63115780865053e-18,0,0.0157518203329053,0.00579503441209258,0.0266227190050542,0.000546484658176767,0.0371946843235565,0.00946919380395874,0,0.0368457009676728,0.0297251691064184,0,0.0163489083928679,6.76130647993517e-19,2.07078552040068e-18,0.00463160237574993,4.09436681077017e-19,0.00553457083349597,0.00786271099837672,0,0.00632263561118949
Macrophage M1_XCELL,6.74616822400377e-19,7.68225368547856e-20,0,0,8.20226372325613e-19,4.03675264180713e-19,1.70885389706312e-19,0.000388966174779622,1.51868223425147e-18,0.0270501031515163,0,1.36160768025703e-20,1.24028044596796e-18,0,0.0179087942013107,0.000526129049619706,0.0041889293463989,0,0.0217040588563829,6.54255806246088e-05,1.47079147270523e-18,0.00440600506746323,0.0245910400678291,1.64652415018096e-18,0.0192052651546498,0,0,1.37368099244579e-18,0,0.00705712320690011,0.00174347575987904,0.0224511589163489,0
Macrophage M2_XCELL,0.0121899641508723,0,0,0.0051245976456643,8.74291121406907e-20,0.00853696834027017,2.27170195609866e-18,4.27934483258943e-05,0.00927175207796185,0.0417874305448602,0.00292439470302957,0.00131364276936395,4.29919871934409e-19,0.00176399119007462,0.006457427268066,0.00616915939418895,0.0162237194609225,0.0103538973688511,0.0125724729723491,0.00123691953817291,0,0.0410458335067358,0.0208979371907301,0.0139869923097799,0.00285153088716885,0,0,0.00334130885589062,0,0.00373942392637113,0.00634042606763528,0,0.00915720953720539
Mast cell_XCELL,0,0.0215489136962049,7.27547415514712e-20,0.00838161488679079,0.0101482756297851,0.00263880975075957,0.0130422756091682,0,0.00566599743800673,0.00011475766298218,0.00154570804147813,0,0,0.00738654364920819,0.00899973011329916,0.00569262068470603,0.024257789426223,0.00738690203943109,0.00559857354185269,9.1972671793256e-19,0.0121759671253874,0.00208562076804716,0.00552685264020436,0.00372037568041685,0,0,0.00117671490356733,0.0334250948943286,1.33446496306104e-19,0.00180723121103985,0.000844544011587091,0,0.0213389631449005
B cell memory_XCELL,3.16217014767028e-18,0,0.00363426056252938,0.0102285380050426,3.04505844954541e-20,3.15250888128439e-18,0.0473218740741806,1.33963451194488e-18,0,5.44151902132802e-22,0,0.0189017560298647,1.66939960623764e-20,0.00131795500619769,0.0152732289746277,0.00366746320158922,1.42644153153513e-18,0.000786817763884042,0,0,0.00576345445357179,0.165378483291953,0.00127531278143423,0.0185020591925902,0.00155853490010811,0,0.00430458328947895,0,0,1.55780569342561e-18,0,0.0500997439680609,1.21036500843285e-19
Monocyte_XCELL,0,6.39858359005359e-19,0.0346506134214744,0.0340670422544767,0,0.000493449260556573,0,1.31839553321086e-17,2.86831779439349e-19,0.0613667427315991,0.0205527906009221,0.00487704657290078,0,0,0.0182406432009314,0,0.00335787801725419,6.00608434146571e-18,0.0107715094721374,0.00214745827866247,0.00861246598089427,0.00608827197636896,0,1.81802412903442e-18,0.0151710203475801,0.0029577413431338,0,0.0359113457607112,0,0.0173817774150316,0.0116733350711423,0,3.97614347848312e-18
B cell naive_XCELL,0,0.00269793426256635,1.17078313239853e-18,0,9.36563989260645e-20,6.58673645304211e-19,0.00395088651954352,0,2.57457095298334e-18,1.62911879535349e-19,1.34728614770033e-18,0,2.82841685896686e-20,0,0,2.89714830015194e-19,4.90826823824753e-19,9.36862603634745e-20,0,0,1.73427089691103e-19,0.0439922572736804,1.3473411801488e-20,4.23919114692727e-20,0,4.2978735807219e-19,0.000813159605430519,4.31755077393804e-20,0,8.30624694268759e-19,2.78013064545514e-18,0.0140502761277309,4.61692466522951e-19
Neutrophil_XCELL,5.18773384839776e-19,0.000917029320944825,0.00242081089956374,0.00913584612910633,7.46198791177765e-19,5.85248765806696e-20,0,0,3.15529469044163e-20,5.50799864192922e-19,0,0,0,0.00146902936657806,1.56968428966549e-19,7.03869884226773e-20,0,0,0,0.000470836964758766,1.15784000737599e-18,0,0,0,1.07978911995587e-18,0,7.98528541358712e-20,0,0,0,1.86763038391937e-19,0.00101853534622949,1.23133016377095e-19
NK cell_XCELL,0,2.91328693425463e-18,3.42694479998362e-19,3.08815822826762e-20,3.28050901724422e-19,0,7.74072054572074e-19,9.78945272299384e-18,1.43534447252064e-17,0,5.34635450542543e-19,0,0,6.42348649940786e-18,0.0052695323137449,0,0,0,0,0,0,6.63483897704676e-19,1.15128650648259e-20,0,0,0,0,2.81671505822537e-18,3.47153471689572e-18,4.53776357829511e-18,2.7151886834605e-18,1.33995633943771e-18,9.91016375808265e-18
T cell NK_XCELL,0.0460582658450981,0.0453331104832886,0.176435918183334,0.0260416400548713,0,0.0110309096696892,0.0680765607885826,0.0247137591745405,0.0832700153818459,0.00794539498214092,1.96440133895427e-18,0.0435972823742319,0.322129875639188,0.0180222047529301,0.0315524169832089,0.0366465034882647,0.0351372926887627,0.00394574001847661,0.145021266168255,0.0375867316463344,0.0436223569447922,0.0366967641260564,0.0441485802225236,0.131320253537483,0.114194723680626,0.0167634586172727,0.00411191850572731,0.0772620613959571,0.172809928886564,0.0705120362414142,0.0194853595080174,0.102805119473942,0.0954032420333955
Plasmacytoid dendritic cell_XCELL,0.00125533947146136,0.00116660046746923,1.04934082889568e-20,0.0308723360441003,4.44186289950649e-19,3.18518522571422e-19,0.00573299629624797,2.21763674774134e-18,0.00090743493721496,0.00747544029413073,0,1.12936317322128e-19,0,0,0.0515436161929916,0.00216194495049532,0.000425257291520162,0.00140603112318574,0,0,0,0,0.0369013792923406,0.0251512872826328,2.47621715312765e-19,3.44062507927439e-19,4.08075573942781e-18,0.000944836381935068,0,0,2.10074547496017e-19,0.0752713527231193,0.00834278423892682
B cell plasma_XCELL,0.000838630431342986,0.0156896927269447,0.00703788275903557,0.0137220838143796,0.0121260582791103,0.00306365566045777,2.23225879575321e-18,2.09976143553722e-19,0.00582613912591068,0,0.0026791176527134,0,0.00289728101932031,0.0277610274186735,0.00668636257775969,0.00400752291902144,0,0.00143517504937999,0.0126205303659886,0.000944449086739501,0.0124568674992138,0.00218541533725613,0.0153501358752546,0.0181968400832842,0.00444062879534883,0.00318229501248803,0.00200607949902521,0.00569740810633293,0.0170363801575267,0.000859112933121348,0.00820084425266508,0,0.0181010725336272
T cell gamma delta_XCELL,2.91052581063982e-18,2.99525974285951e-17,3.59215865426486e-18,1.46415063817366e-17,1.50410753268986e-17,4.90510337496686e-18,0,5.87300577462943e-18,1.08562820617799e-19,6.89332800373788e-18,2.21973343282784e-17,1.42996842065787e-17,0,1.71494730460349e-17,0,3.54941358564506e-18,1.23235773944478e-17,0,0,5.43007035606529e-18,0,1.25331025768081e-17,5.62822684437835e-17,5.49862087638968e-18,1.04062201879625e-17,1.82461898227939e-17,3.8554354153824e-17,6.28174640710671e-19,3.25337073406374e-18,2.65351589985365e-18,5.10910872256632e-18,0,4.33876483994436e-17
T cell CD4+ Th1_XCELL,0.375887471993704,0.342976199547695,0.194165167691043,0.268998636034549,0.321637005065856,0.187099809566265,8.13506442886374e-18,0.127031213185834,0.164183228963607,0.294049681625048,0.196231133039304,0.364626318387889,0.508495829085516,0.407684391459611,0.298211943847981,0.405497021051489,0.312255528411151,0.264899961656332,0.499309277234298,0.403645653668053,0.285044464521828,0.281122219406509,0.522725522033394,0.211411637832922,0.241844845321867,0.296873876871214,0.403716215578071,0.279341085339041,0.236242379679787,0.132915669619005,0.201373049613812,0,0.715645377060732
T cell CD4+ Th2_XCELL,0,0,0,0.0225525629580234,0.0925665120549088,0,0.0927132658185879,3.38037844282635e-18,5.30643237199984e-18,0,8.36000812464052e-18,0,0,8.35117760745218e-18,6.3381509293539e-18,0.0126061745771778,0,0,8.69428732891431e-17,0,3.98430987178204e-17,3.95690556233425e-18,0,0,0,0,0,0,0,0,1.51415789029786e-17,0.0942738794967145,0.0350447017636978
T cell regulatory (Tregs)_XCELL,2.82869002105187e-18,0,0,6.56561929473973e-20,1.48729185056744e-17,0,0.0282910701404797,0.0104618519598421,0,1.56895916622111e-17,0.00711472076342108,9.7745796301307e-18,0,0,0,0,0,4.46451153977657e-19,0,9.33684272642748e-18,0,0,5.46596772660239e-18,9.1314114611113e-18,0,8.08002779491603e-18,0,0,0,0.0127635877700111,0,0.0446210509249755,0
immune score_XCELL,0.0260262457050551,0.0169465965509553,0.0551142392262523,0.0823962624903335,0.0137430014317093,0.0100643161595081,0.17116396596867,0.00102323895077962,0.0135361259999753,0.0757572107680059,0.021364862007163,0.0239839452127745,1.96849881134075e-17,0.0107607664062778,0.09679594075581,0.00765843673119908,0.037270910511842,0.0322058488717186,0.0548235565330987,0.0129785089146844,0.0157884589648242,0.367322479530354,0.0400055674675558,0.0289108714460247,0.0379476001147544,0.0105121491324245,0.000979394740429661,0.0770115016526508,0.00160304050170433,0.0501185822514571,0.0181630730618273,0.332770576016951,0.0290766320867695
stroma score_XCELL,3.09969332951855e-18,0.00327461339328598,0.0337950974535328,0.0307802736727181,2.07696633447185e-20,0.0142900505450434,0.00724402050067702,0.00401831102712383,0.0370193523168902,0.0336471293977947,0.0385362119804125,9.91032350516778e-18,0.0114983719315257,0,0.00637330680122107,0.00609502638769197,0.00567521453911787,2.09515324874469e-18,0.0186600900893417,0.0124525866738964,0.0364417643710706,0.0615929938080224,0.00207420828792885,0,0.00100665288987534,4.19032977002488e-18,6.2172959652911e-19,0.0252956832700545,0.0349393815204421,0.0687778478469795,0.00897087129872477,0.0396422327660779,0.0128509704371641
microenvironment score_XCELL,0.0260262457050551,0.0202212099442412,0.0889093366797851,0.113176536163052,0.0137430014317093,0.0243543667045514,0.178407986469347,0.00504154997790345,0.0505554783168655,0.109404340165801,0.0599010739875755,0.0239839452127745,0.0114983719315257,0.0107607664062778,0.103169247557031,0.013753463118891,0.0429461250509599,0.0322058488717186,0.0734836466224404,0.0254310955885808,0.0522302233358948,0.428915473338376,0.0420797757554847,0.0289108714460247,0.0389542530046298,0.0105121491324245,0.000979394740429662,0.102307184922705,0.0365424220221464,0.118896430098437,0.0271339443605521,0.372412808783029,0.0419276025239336
B cell_EPIC,2.80870327556764e-06,0.00129850364799641,0.00163805744222264,0.00995737255259846,0.00134950379844322,0.00022088779040768,0.00274752145196847,3.06912763386142e-08,1.68539572765547e-05,0.000541553919808373,0.000900389755929177,0.000534326732729601,2.577151561099e-08,0.0016177407966502,0.00207402603767258,0.00264114833383923,0.000486379363537159,0.00116633450786322,0.00047051474794592,0.000826639834835324,0.00935275784490629,0.060675863958749,0.00172025403835262,0.00013269900687312,1.9666817355343e-05,9.59343859540903e-07,0.00239261019662063,0.00036620005929231,0.000618293909159801,0.00191329550337236,0.000586525153256333,0.00419987290402982,0.00024076808369992
Cancer associated fibroblast_EPIC,0.0605567267727565,0.0231621006541241,0.0394517510984567,0.043811254056792,0.0162077747600444,0.126539858547586,0.0923722875318478,0.0754242396866222,0.0461843802974048,0.0748086744302745,0.017522979199896,0.0162699526873116,0.0815078192166217,0.000870450486713234,0.0340782141588901,0.0182480523978258,0.0102434428391398,0.00487941383117405,0.0282415639784006,0.0385685513865838,0.0203313744875988,0.069446560437411,0.0147269144185232,0.0869979308754051,0.124864166413787,0.0839425340064485,0.0250441140217001,0.0157962134090863,0.0454679651779738,0.0240044694696979,0.0435167218649096,0.033268643249627,0.0220180085257954
T cell CD4+_EPIC,0.0910840802489328,0.0312656936199928,0.0388405806797094,0.108556434102299,0.0401266954195813,0.165349959084011,0.0957653836944375,0.210616501202099,0.0614682454216942,0.0697118792357594,0.0380700545449816,0.0231489185293832,0.0705998154402078,0.0776990388589482,0.135409329888611,0.0947637918470447,0.0408421036459958,0.03049351476834,0.0258274922858938,0.0358375215136191,0.036785417813097,0.113354201521153,0.101024753908312,0.0413735948072244,0.110350567410302,0.0744707643689908,0.151428304289812,0.0494048220142808,0.0294057636241875,0.0853121873961386,0.0318225552990602,0.148722958189778,0.035045135281023
T cell CD8+_EPIC,0.018925589782106,0.0192752450169343,0.0107894465465707,0.0260308095027731,0.0388184582807562,0.00836594987116417,0.0188910276547894,0.0181530086985917,0.0157422114757412,0.0106093958699934,0.0180967718524946,0.007963088844195,0.00893995498680701,0.0262160666800249,0.0400879611261399,0.0253168013634681,0.0161556935789018,0.014410004154823,0.0231357626356481,0.0117955742305918,0.0139874140771668,0.0325247271605946,0.0352665982644329,0.0133136164781882,0.00767177945567279,0.0174245024255856,0.0191925868833664,0.0149211131727745,0.00867024521545016,0.0253107689279385,0.0122533075585376,0.0280422010898707,0.0194215101083026
Endothelial cell_EPIC,0.0102810304349718,0.0400715359179024,0.0177899362485636,0.032057412840012,0.012560821117542,0.0245856439420267,0.0390495672330074,0.0214499343736131,0.0200014261059937,0.0272433606073955,0.0121636324558126,0.0129684282123864,0.0172415805965309,0.0109753853414396,0.0222772397799804,0.0131175166744078,0.0148058892769677,0.0154026473697094,0.0180807355390964,0.00431438280720487,0.0103974923297274,0.0266450018017933,0.00817615041212548,0.0151982265557035,0.0660852046777431,0.0256240089981337,0.0160668485875811,0.0227975114155028,0.016181000247403,0.0279640381041683,0.0144168941055074,0.00570896922530716,0.0170743987710617
Macrophage_EPIC,0.00243529002539141,0.00249155252981862,0.0025869737587808,0.00660699502021226,0.000915805014765929,0.00205013870821265,7.71216565614806e-05,0.00160716188154873,0.00544036091398466,0.0135722420251403,0.00225692690657438,0.00154042550538801,0.00106475275094755,0.000756705863284493,0.00974645664795644,0.00389615761224795,0.00624326219312903,0.0020652806866009,0.00748540728910237,0.0021738176135359,0.00241413519705496,0.0105621084423734,0.00692555949963057,0.00245306177146308,0.0102975580198731,0.000994369477133265,0.00175351285806604,0.00774223936545744,0.00107312920727443,0.00743078910741826,0.00339437219920853,8.87461464451522e-05,0.00678043337186053
NK cell_EPIC,9.47987162623003e-10,9.98300038435161e-10,6.03977484660935e-10,2.7159965689496e-10,9.87116093460317e-08,8.92788402005605e-10,2.30789093975727e-09,7.3189079722319e-10,5.01829464446035e-09,2.71202876700531e-09,5.84227492405781e-11,1.77545969381224e-09,3.80617311705721e-09,3.83569933707821e-10,8.20246294783138e-10,2.77930017834215e-08,1.17529744510805e-09,0.000399913456165125,7.09718820156604e-08,9.76726462590747e-10,7.14646071562979e-10,4.22813266147371e-11,0.0024230396728314,2.09838887286889e-09,2.06232309909381e-09,0.00127481080100749,7.05607650361229e-10,5.44170833079773e-09,5.48545976971494e-10,1.36797801692186e-10,3.24073448510326e-11,4.12123441717717e-10,1.01289965750937e-09
uncharacterized cell_EPIC,0.816714473084579,0.882435367614931,0.888903253621719,0.772979721653714,0.890020842897257,0.672887561163803,0.751097088469497,0.672749122734359,0.85114651680961,0.8035128911996,0.910989245225889,0.937574857713147,0.820646047431196,0.881864611589369,0.756326771540503,0.842016503978165,0.911223227927031,0.931182891225324,0.896758452552031,0.906483511636903,0.906731407535803,0.686791536635645,0.829736729785791,0.840530868406754,0.680711055142944,0.796268050578841,0.784122022457246,0.888971895121898,0.898583602070005,0.828064451354468,0.894009623787113,0.779968608782819,0.899419744845357
T cell_MCPCOUNTER,2.00858666666667,2.35742046666667,1.61784453333333,5.3204364,3.78581566666667,1.93375253333333,0,1.19913306666667,1.75889733333333,1.70694146666667,0.723505333333333,0.862116933333333,2.3107352,2.45963673333333,6.89653706666667,1.34993553333333,0.951047933333333,1.73445206666667,1.7169706,1.68212346666667,1.29256786666667,4.6232646,6.36774033333333,4.55533353333333,2.94841546666667,2.01259326666667,3.969199,1.22088966666667,2.22167706666667,3.08959653333333,1.8613164,3.73054986666667,0.514114266666667
T cell CD8+_MCPCOUNTER,0.513758,0.611192,0.286196,2.09718,9.632819,0.0796049999999999,0,0,0.834255,0.47974,0,0,0,3.883322,5.522918,0.440936,0.998198,0.602978,1.003494,0.139011,0.508051,4.479148,1.276186,0,0.510509,0.123286,0.0594380000000001,0.28017,0.323077,0.78184,0.775504,0,0
cytotoxicity score_MCPCOUNTER,1.57733414285714,0.160217,0.683290571428571,2.89586328571429,0.151470714285714,0.176028142857143,0,0.0727142857142857,0.231583428571429,0.392454142857143,0.717265571428572,0.655491142857143,0.0964898571428572,1.14283528571429,4.24546142857143,0.111399285714286,0.818928714285714,2.95915414285714,1.88018971428571,1.27108114285714,0.584293,2.17318614285714,7.80444714285714,0.309703857142857,1.02968357142857,5.03745714285714,0.0720302857142857,0.381358857142857,0.219228571428571,1.47018014285714,0.239831714285714,0,0.0622178571428572
NK cell_MCPCOUNTER,1.04091075,0.385873375,0.2595925,0.6122805,0.1529765,0.55963225,0,0.199991625,0.0861855,0.04069275,0.184715375,0.044708875,0.407750375,0.663568375,0.40430875,0.1583455,0.31651525,0.815719125,0.361127,0.23252225,1.299168875,0.532619125,1.103863375,0.403239125,0.54587875,0.256397125,0.213411375,1.131390375,0.28227575,0.18796475,0.31949625,0,0.051104375
B cell_MCPCOUNTER,5.28645,14.9854332222222,2.05163566666667,316.348391111111,3.12755322222222,12.8680928888889,61.3911526666667,1.15322088888889,0.662909222222222,20.1862613333333,22.2509171111111,7.05419166666667,1.33563488888889,0.600931111111111,65.0284707777778,9.14677466666667,1.08446422222222,6.72840822222222,46.9755647777778,11.4584754444444,0.261304555555556,59.8395868888889,115.082171555556,15.8888491111111,29.3943541111111,5.369762,14.3851231111111,19.8345477777778,2.50534066666667,2.49310922222222,9.39474155555556,0,0.577409222222222
Monocyte_MCPCOUNTER,35.3706632857143,8.47172571428571,14.9880398571429,22.4529254285714,3.102111,6.13005071428571,4.55337428571429,3.927929,4.26914785714286,12.1816611428571,7.83202871428571,25.6066514285714,1.81928971428571,4.26050828571429,18.71403,9.74743957142857,16.407656,30.2400735714286,18.905551,25.9806574285714,31.2244045714286,38.2940454285714,8.74951785714286,8.27928557142857,21.5241738571429,43.6169368571429,6.23082071428571,31.0436532857143,3.82221542857143,14.1433021428571,20.0333397142857,0,10.9828241428571
Macrophage/Monocyte_MCPCOUNTER,35.3706632857143,8.47172571428571,14.9880398571429,22.4529254285714,3.102111,6.13005071428571,4.55337428571429,3.927929,4.26914785714286,12.1816611428571,7.83202871428571,25.6066514285714,1.81928971428571,4.26050828571429,18.71403,9.74743957142857,16.407656,30.2400735714286,18.905551,25.9806574285714,31.2244045714286,38.2940454285714,8.74951785714286,8.27928557142857,21.5241738571429,43.6169368571429,6.23082071428571,31.0436532857143,3.82221542857143,14.1433021428571,20.0333397142857,0,10.9828241428571
Myeloid dendritic cell_MCPCOUNTER,1.27144433333333,0.202988,2.42128316666667,2.87382433333333,0.0383368333333333,0.493741333333333,0,1.13080266666667,0.172447333333333,0.764423,0.9509655,0.625575166666667,0.140439833333333,1.56697733333333,2.786182,0.440027833333333,2.00835266666667,1.64541883333333,1.82478583333333,0.84102,0.771183166666667,4.3012705,1.63533583333333,0.509122833333333,4.84940166666667,0.464049333333333,7.534353,1.58934683333333,0.335281,2.7528815,1.65845316666667,0,0.084143
Neutrophil_MCPCOUNTER,15.5732650714286,8.02859964285714,7.959084,15.0044394285714,17.0660815714286,10.3103505714286,14.283823,9.42092057142857,6.68024942857143,6.66948935714286,4.05005828571429,3.89256064285714,5.815585,7.69174621428571,7.68959421428571,5.93148585714286,4.51930785714286,6.65071764285714,3.63275707142857,8.98126028571428,7.94570214285714,5.33326057142857,6.24134057142857,12.458178,10.2200307142857,12.3863007857143,14.7018855,7.31395164285714,8.6465395,25.8795465714286,8.88173078571429,3.52209578571429,4.6023355
Endothelial cell_MCPCOUNTER,4.29290036666667,3.16275563333333,3.13407096666667,6.8241153,1.58856193333333,5.18339756666667,4.98916243333333,4.46273826666667,3.71563813333333,3.78104016666667,3.66892946666667,4.95122436666667,3.45659413333333,3.35679136666667,4.7758903,3.05348526666667,3.10978283333333,4.81615,6.0934379,3.07974656666667,8.25036436666667,5.63063706666667,2.06564276666667,6.12759703333333,4.6087112,8.24053816666667,8.9483554,7.2128778,4.06652573333333,5.25718653333333,5.05678263333333,0.9866312,6.38192943333333
Cancer associated fibroblast_MCPCOUNTER,141.603054,49.273671625,56.348537625,89.936548375,34.860002875,258.47325625,111.111629375,141.505571125,62.998740125,109.780323625,52.552450125,28.9280935,130.839608,4.155107125,59.440766875,33.5306795,23.720918125,16.779793,75.5631485,122.908730375,47.962901,126.788683375,26.836197875,195.263191625,220.88173,186.060049375,58.92600375,32.791141125,69.999906375,58.07396975,91.186928125,46.04106325,39.173716375
